{
  "report": {
    "code": {
      "precision": 0.9827586206896551,
      "recall": 1.0,
      "f1-score": 0.991304347826087,
      "support": 57.0
    },
    "commonsense": {
      "precision": 0.8125,
      "recall": 0.9122807017543859,
      "f1-score": 0.859504132231405,
      "support": 57.0
    },
    "math": {
      "precision": 0.9482758620689655,
      "recall": 0.9649122807017544,
      "f1-score": 0.9565217391304348,
      "support": 57.0
    },
    "science": {
      "precision": 0.8958333333333334,
      "recall": 0.7543859649122807,
      "f1-score": 0.819047619047619,
      "support": 57.0
    },
    "accuracy": 0.9078947368421053,
    "macro avg": {
      "precision": 0.9098419540229886,
      "recall": 0.9078947368421053,
      "f1-score": 0.9065944595588864,
      "support": 228.0
    },
    "weighted avg": {
      "precision": 0.9098419540229886,
      "recall": 0.9078947368421053,
      "f1-score": 0.9065944595588865,
      "support": 228.0
    }
  },
  "cm": [
    [
      57,
      0,
      0,
      0
    ],
    [
      0,
      52,
      1,
      4
    ],
    [
      0,
      1,
      55,
      1
    ],
    [
      1,
      11,
      2,
      43
    ]
  ]
}