{
  "report": {
    "general": {
      "precision": 0.981651376146789,
      "recall": 0.9385964912280702,
      "f1-score": 0.9596412556053812,
      "support": 114.0
    },
    "math": {
      "precision": 0.9166666666666666,
      "recall": 0.9649122807017544,
      "f1-score": 0.9401709401709402,
      "support": 57.0
    },
    "science": {
      "precision": 0.8813559322033898,
      "recall": 0.9122807017543859,
      "f1-score": 0.896551724137931,
      "support": 57.0
    },
    "accuracy": 0.9385964912280702,
    "macro avg": {
      "precision": 0.9265579916722818,
      "recall": 0.9385964912280702,
      "f1-score": 0.9321213066380841,
      "support": 228.0
    },
    "weighted avg": {
      "precision": 0.9403313377909086,
      "recall": 0.9385964912280702,
      "f1-score": 0.9390012938799084,
      "support": 228.0
    }
  },
  "cm": [
    [
      107,
      2,
      5
    ],
    [
      0,
      55,
      2
    ],
    [
      2,
      3,
      52
    ]
  ]
}